<?xml version="1.0" encoding="UTF-8"?>
<sbml xmlns="http://www.sbml.org/sbml/level3/version1/core" level="3" version="1">
  <model metaid="metaid_0000002" id="BIOMD0000000204">
    <notes>
      <body xmlns="http://www.w3.org/1999/xhtml">
    <div class="dc:title">Chickarmane2006 - Stem cell switch irreversible</div>
            <div class="dc:description">      <p>Kinetic modeling approach of the transcriptional dynamics of the embryonic stem cell switch.</p>
                </div>
            <div class="dc:bibliographicCitation">      <p>This model is described in the article:</p>
                <div class="bibo:title">        <a href="http://identifiers.org/pubmed/16978048" title="Access to this publication">Transcriptional dynamics of the embryonic stem cell switch.</a>
                    </div>
                <div class="bibo:authorList">Chickarmane V, Troein C, Nuber UA, Sauro HM, Peterson C</div>
                <div class="bibo:Journal">PLoS Computational Biology. 2006; 2(9):e123</div>
                <p>Abstract:</p>
                <div class="bibo:abstract">        <p>Recent ChIP experiments of human and mouse embryonic stem cells have elucidated the architecture of the transcriptional regulatory circuitry responsible for cell determination, which involves the transcription factors OCT4, SOX2, and NANOG. In addition to regulating each other through feedback loops, these genes also regulate downstream target genes involved in the maintenance and differentiation of embryonic stem cells. A search for the OCT4-SOX2-NANOG network motif in other species reveals that it is unique to mammals. With a kinetic modeling approach, we ascribe function to the observed OCT4-SOX2-NANOG network by making plausible assumptions about the interactions between the transcription factors at the gene promoter binding sites and RNA polymerase (RNAP), at each of the three genes as well as at the target genes. We identify a bistable switch in the network, which arises due to several positive feedback loops, and is switched on/off by input environmental signals. The switch stabilizes the expression levels of the three genes, and through their regulatory roles on the downstream target genes, leads to a binary decision: when OCT4, SOX2, and NANOG are expressed and the switch is on, the self-renewal genes are on and the differentiation genes are off. The opposite holds when the switch is off. The model is extremely robust to parameter changes. In addition to providing a self-consistent picture of the transcriptional circuit, the model generates several predictions. Increasing the binding strength of NANOG to OCT4 and SOX2, or increasing its basal transcriptional rate, leads to an irreversible bistable switch: the switch remains on even when the activating signal is removed. Hence, the stem cell can be manipulated to be self-renewing without the requirement of input signals. We also suggest tests that could discriminate between a variety of feedforward regulation architectures of the target genes by OCT4, SOX2, and NANOG.</p>
                    </div>
                </div>
            <div class="dc:publisher">      <p>This model is hosted on        <a href="http://www.ebi.ac.uk/biomodels/">BioModels Database</a>
            and identified by:        <a href="http://identifiers.org/biomodels.db/MODEL7957942740">MODEL7957942740</a>
            .        </p>
                <p>To cite BioModels Database, please use:        <a href="http://identifiers.org/pubmed/20587024" title="Latest BioModels Database publication">BioModels Database: An enhanced, curated and annotated resource for published quantitative kinetic models</a>
            .        </p>
                </div>
            <div class="dc:license">      <p>To the extent possible under law, all copyright and related or neighbouring rights to this encoded model have been dedicated to the public domain worldwide. Please refer to        <a href="http://creativecommons.org/publicdomain/zero/1.0/" title="Access to: CC0 1.0 Universal (CC0 1.0), Public Domain Dedication">CC0 Public Domain Dedication</a>
            for more information.        </p>
                </div>
  </body>
    </notes>
    <annotation>
	<rdf:RDF xmlns:rdf="http://www.w3.org/1999/02/22-rdf-syntax-ns#" xmlns:bqmodel="http://biomodels.net/model-qualifiers/" xmlns:bqbiol="http://biomodels.net/biology-qualifiers/">
	<rdf:Description rdf:about="#metaid_0000002">
          <bqmodel:is>
	<rdf:Bag>
	<rdf:li rdf:resource="http://identifiers.org/biomodels.db/BIOMD0000000204" />
	</rdf:Bag>
	</bqmodel:is>
	<bqmodel:isDescribedBy>
	<rdf:Bag>
	<rdf:li rdf:resource="http://identifiers.org/pubmed/16978048" />
	</rdf:Bag>
	</bqmodel:isDescribedBy>
	<bqbiol:isVersionOf>
	<rdf:Bag>
	<rdf:li rdf:resource="http://identifiers.org/obo.go/GO:0048863" />
	</rdf:Bag>
	</bqbiol:isVersionOf>
	<bqbiol:hasTaxon>
	<rdf:Bag>
	<rdf:li rdf:resource="http://identifiers.org/taxonomy/9606" />
	</rdf:Bag>
	</bqbiol:hasTaxon>
	<bqmodel:is>
	<rdf:Bag>
	<rdf:li rdf:resource="http://identifiers.org/biomodels.db/MODEL7957942740" />
	</rdf:Bag>
	</bqmodel:is>
	
	<bqbiol:hasTaxon>
	<rdf:Bag>
	<rdf:li rdf:resource="http://identifiers.org/taxonomy/10090" />
	</rdf:Bag>
	</bqbiol:hasTaxon>
	</rdf:Description>
	</rdf:RDF>
	<semsimAnnotation><rdf:RDF xmlns:rdf="http://www.w3.org/1999/02/22-rdf-syntax-ns#" xmlns:semsim="http://www.bhi.washington.edu/SemSim#" xmlns:dcterms="http://purl.org/dc/terms/" xmlns:bqmodel="http://biomodels.net/model-qualifiers/" xmlns:model="http://www.bhi.washington.edu/SemSim/15052019124926538p1200#" xmlns:bqbiol="http://biomodels.net/biology-qualifiers/" xmlns:ro="http://www.obofoundry.org/ro/ro.owl#" xmlns:opb="http://bhi.washington.edu/OPB#">
  <rdf:Description rdf:about="http://www.bhi.washington.edu/SemSim/15052019124926538p1200#J2">
    <semsim:isComputationalComponentFor>
      <rdf:Description rdf:about="http://www.bhi.washington.edu/SemSim/15052019124926538p1200#property_3">
        <semsim:physicalPropertyOf>
          <rdf:Description rdf:about="http://www.bhi.washington.edu/SemSim/15052019124926538p1200#process_2" semsim:name="J2">
            <semsim:hasMediatorParticipant>
              <rdf:Description rdf:about="http://www.bhi.washington.edu/SemSim/15052019124926538p1200#mediator_4">
                <semsim:hasPhysicalEntityReference>
                  <rdf:Description rdf:about="http://www.bhi.washington.edu/SemSim/15052019124926538p1200#entity_8" semsim:name="p53">
                    <ro:part_of>
                      <rdf:Description rdf:about="http://www.bhi.washington.edu/SemSim/15052019124926538p1200#entity_0" semsim:name="compartment">
                        <bqbiol:isVersionOf rdf:resource="http://identifiers.org/obo.go/GO:0005623" />
                      </rdf:Description>
                    </ro:part_of>
                    <bqbiol:isVersionOf rdf:resource="http://identifiers.org/uniprot/P04637" />
                  </rdf:Description>
                </semsim:hasPhysicalEntityReference>
              </rdf:Description>
            </semsim:hasMediatorParticipant>
            <semsim:hasMediatorParticipant>
              <rdf:Description rdf:about="http://www.bhi.washington.edu/SemSim/15052019124926538p1200#mediator_3">
                <semsim:hasPhysicalEntityReference>
                  <rdf:Description rdf:about="http://www.bhi.washington.edu/SemSim/15052019124926538p1200#entity_3" semsim:name="OCT4_SOX2">
                    <ro:part_of rdf:resource="http://www.bhi.washington.edu/SemSim/15052019124926538p1200#entity_0" />
                    <ro:has_part rdf:resource="http://identifiers.org/uniprot/Q6ZRP7" />
                    <ro:has_part rdf:resource="http://identifiers.org/uniprot/Q01860" />
                  </rdf:Description>
                </semsim:hasPhysicalEntityReference>
              </rdf:Description>
            </semsim:hasMediatorParticipant>
            <semsim:hasSinkParticipant>
              <rdf:Description rdf:about="http://www.bhi.washington.edu/SemSim/15052019124926538p1200#sink_2" semsim:hasMultiplier="1.0">
                <semsim:hasPhysicalEntityReference>
                  <rdf:Description rdf:about="http://www.bhi.washington.edu/SemSim/15052019124926538p1200#entity_5" semsim:name="NANOG">
                    <ro:part_of rdf:resource="http://www.bhi.washington.edu/SemSim/15052019124926538p1200#entity_0" />
                    <bqbiol:isVersionOf rdf:resource="http://identifiers.org/uniprot/Q8N7R0" />
                  </rdf:Description>
                </semsim:hasPhysicalEntityReference>
              </rdf:Description>
            </semsim:hasSinkParticipant>
            <semsim:hasSourceParticipant>
              <rdf:Description rdf:about="http://www.bhi.washington.edu/SemSim/15052019124926538p1200#source_2" semsim:hasMultiplier="1.0">
                <semsim:hasPhysicalEntityReference>
                  <rdf:Description rdf:about="http://www.bhi.washington.edu/SemSim/15052019124926538p1200#entity_7" semsim:name="NANOG_Gene">
                    <ro:part_of rdf:resource="http://www.bhi.washington.edu/SemSim/15052019124926538p1200#entity_0" />
                  </rdf:Description>
                </semsim:hasPhysicalEntityReference>
              </rdf:Description>
            </semsim:hasSourceParticipant>
            <bqbiol:isVersionOf rdf:resource="http://identifiers.org/obo.go/GO:0010467" />
          </rdf:Description>
        </semsim:physicalPropertyOf>
        <semsim:hasPhysicalDefinition rdf:resource="https://identifiers.org/opb/OPB_00592" />
      </rdf:Description>
    </semsim:isComputationalComponentFor>
    <dcterms:description>NANOG_Gene reaction</dcterms:description>
  </rdf:Description>
  <rdf:Description rdf:about="http://www.bhi.washington.edu/SemSim/15052019124926538p1200#J6">
    <semsim:isComputationalComponentFor>
      <rdf:Description rdf:about="http://www.bhi.washington.edu/SemSim/15052019124926538p1200#property_6">
        <semsim:physicalPropertyOf>
          <rdf:Description rdf:about="http://www.bhi.washington.edu/SemSim/15052019124926538p1200#process_5" semsim:name="J6">
            <semsim:hasMediatorParticipant>
              <rdf:Description rdf:about="http://www.bhi.washington.edu/SemSim/15052019124926538p1200#mediator_7">
                <semsim:hasPhysicalEntityReference rdf:resource="http://www.bhi.washington.edu/SemSim/15052019124926538p1200#entity_5" />
              </rdf:Description>
            </semsim:hasMediatorParticipant>
            <semsim:hasMediatorParticipant>
              <rdf:Description rdf:about="http://www.bhi.washington.edu/SemSim/15052019124926538p1200#mediator_6">
                <semsim:hasPhysicalEntityReference>
                  <rdf:Description rdf:about="http://www.bhi.washington.edu/SemSim/15052019124926538p1200#entity_4" semsim:name="A">
                    <ro:part_of rdf:resource="http://www.bhi.washington.edu/SemSim/15052019124926538p1200#entity_0" />
                  </rdf:Description>
                </semsim:hasPhysicalEntityReference>
              </rdf:Description>
            </semsim:hasMediatorParticipant>
            <semsim:hasMediatorParticipant>
              <rdf:Description rdf:about="http://www.bhi.washington.edu/SemSim/15052019124926538p1200#mediator_5">
                <semsim:hasPhysicalEntityReference rdf:resource="http://www.bhi.washington.edu/SemSim/15052019124926538p1200#entity_3" />
              </rdf:Description>
            </semsim:hasMediatorParticipant>
            <semsim:hasSinkParticipant>
              <rdf:Description rdf:about="http://www.bhi.washington.edu/SemSim/15052019124926538p1200#sink_5" semsim:hasMultiplier="1.0">
                <semsim:hasPhysicalEntityReference>
                  <rdf:Description rdf:about="http://www.bhi.washington.edu/SemSim/15052019124926538p1200#entity_9" semsim:name="SOX2">
                    <ro:part_of rdf:resource="http://www.bhi.washington.edu/SemSim/15052019124926538p1200#entity_0" />
                    <bqbiol:isVersionOf rdf:resource="http://identifiers.org/uniprot/Q6ZRP7" />
                  </rdf:Description>
                </semsim:hasPhysicalEntityReference>
              </rdf:Description>
            </semsim:hasSinkParticipant>
            <semsim:hasSourceParticipant>
              <rdf:Description rdf:about="http://www.bhi.washington.edu/SemSim/15052019124926538p1200#source_6" semsim:hasMultiplier="1.0">
                <semsim:hasPhysicalEntityReference>
                  <rdf:Description rdf:about="http://www.bhi.washington.edu/SemSim/15052019124926538p1200#entity_10" semsim:name="SOX2_Gene">
                    <ro:part_of rdf:resource="http://www.bhi.washington.edu/SemSim/15052019124926538p1200#entity_0" />
                  </rdf:Description>
                </semsim:hasPhysicalEntityReference>
              </rdf:Description>
            </semsim:hasSourceParticipant>
            <bqbiol:isVersionOf rdf:resource="http://identifiers.org/obo.go/GO:0010467" />
          </rdf:Description>
        </semsim:physicalPropertyOf>
        <semsim:hasPhysicalDefinition rdf:resource="https://identifiers.org/opb/OPB_00592" />
      </rdf:Description>
    </semsim:isComputationalComponentFor>
    <dcterms:description>SOX2_Gene reaction.</dcterms:description>
  </rdf:Description>
  <rdf:Description rdf:about="http://www.bhi.washington.edu/SemSim/15052019124926538p1200#J3">
    <semsim:isComputationalComponentFor>
      <rdf:Description rdf:about="http://www.bhi.washington.edu/SemSim/15052019124926538p1200#property_4">
        <semsim:physicalPropertyOf>
          <rdf:Description rdf:about="http://www.bhi.washington.edu/SemSim/15052019124926538p1200#process_3" semsim:name="J3">
            <semsim:hasSinkParticipant>
              <rdf:Description rdf:about="http://www.bhi.washington.edu/SemSim/15052019124926538p1200#sink_3" semsim:hasMultiplier="1.0">
                <semsim:hasPhysicalEntityReference>
                  <rdf:Description rdf:about="http://www.bhi.washington.edu/SemSim/15052019124926538p1200#entity_6" semsim:name="degradation">
                    <ro:part_of rdf:resource="http://www.bhi.washington.edu/SemSim/15052019124926538p1200#entity_0" />
                  </rdf:Description>
                </semsim:hasPhysicalEntityReference>
              </rdf:Description>
            </semsim:hasSinkParticipant>
            <semsim:hasSourceParticipant>
              <rdf:Description rdf:about="http://www.bhi.washington.edu/SemSim/15052019124926538p1200#source_3" semsim:hasMultiplier="1.0">
                <semsim:hasPhysicalEntityReference rdf:resource="http://www.bhi.washington.edu/SemSim/15052019124926538p1200#entity_5" />
              </rdf:Description>
            </semsim:hasSourceParticipant>
            <bqbiol:isVersionOf rdf:resource="http://identifiers.org/obo.go/GO:0030163" />
          </rdf:Description>
        </semsim:physicalPropertyOf>
        <semsim:hasPhysicalDefinition rdf:resource="https://identifiers.org/opb/OPB_00592" />
      </rdf:Description>
    </semsim:isComputationalComponentFor>
    <dcterms:description>NANOG gene degradation</dcterms:description>
  </rdf:Description>
  <rdf:Description rdf:about="http://www.bhi.washington.edu/SemSim/15052019124926538p1200#J7">
    <semsim:isComputationalComponentFor>
      <rdf:Description rdf:about="http://www.bhi.washington.edu/SemSim/15052019124926538p1200#property_7">
        <semsim:physicalPropertyOf>
          <rdf:Description rdf:about="http://www.bhi.washington.edu/SemSim/15052019124926538p1200#process_6" semsim:name="J7">
            <semsim:hasSinkParticipant>
              <rdf:Description rdf:about="http://www.bhi.washington.edu/SemSim/15052019124926538p1200#sink_6" semsim:hasMultiplier="1.0">
                <semsim:hasPhysicalEntityReference rdf:resource="http://www.bhi.washington.edu/SemSim/15052019124926538p1200#entity_6" />
              </rdf:Description>
            </semsim:hasSinkParticipant>
            <semsim:hasSourceParticipant>
              <rdf:Description rdf:about="http://www.bhi.washington.edu/SemSim/15052019124926538p1200#source_7" semsim:hasMultiplier="1.0">
                <semsim:hasPhysicalEntityReference rdf:resource="http://www.bhi.washington.edu/SemSim/15052019124926538p1200#entity_9" />
              </rdf:Description>
            </semsim:hasSourceParticipant>
            <bqbiol:isVersionOf rdf:resource="http://identifiers.org/obo.go/GO:0030163" />
          </rdf:Description>
        </semsim:physicalPropertyOf>
        <semsim:hasPhysicalDefinition rdf:resource="https://identifiers.org/opb/OPB_00592" />
      </rdf:Description>
    </semsim:isComputationalComponentFor>
    <dcterms:description>SOX2 degredation</dcterms:description>
  </rdf:Description>
  <rdf:Description rdf:about="http://www.bhi.washington.edu/SemSim/15052019124926538p1200#J8">
    <semsim:isComputationalComponentFor>
      <rdf:Description rdf:about="http://www.bhi.washington.edu/SemSim/15052019124926538p1200#property_8">
        <semsim:physicalPropertyOf>
          <rdf:Description rdf:about="http://www.bhi.washington.edu/SemSim/15052019124926538p1200#process_7" semsim:name="J8">
            <semsim:hasMediatorParticipant>
              <rdf:Description rdf:about="http://www.bhi.washington.edu/SemSim/15052019124926538p1200#mediator_9">
                <semsim:hasPhysicalEntityReference rdf:resource="http://www.bhi.washington.edu/SemSim/15052019124926538p1200#entity_5" />
              </rdf:Description>
            </semsim:hasMediatorParticipant>
            <semsim:hasMediatorParticipant>
              <rdf:Description rdf:about="http://www.bhi.washington.edu/SemSim/15052019124926538p1200#mediator_8">
                <semsim:hasPhysicalEntityReference rdf:resource="http://www.bhi.washington.edu/SemSim/15052019124926538p1200#entity_3" />
              </rdf:Description>
            </semsim:hasMediatorParticipant>
            <semsim:hasSinkParticipant>
              <rdf:Description rdf:about="http://www.bhi.washington.edu/SemSim/15052019124926538p1200#sink_7" semsim:hasMultiplier="1.0">
                <semsim:hasPhysicalEntityReference>
                  <rdf:Description rdf:about="http://www.bhi.washington.edu/SemSim/15052019124926538p1200#entity_12">
                    <ro:part_of rdf:resource="http://www.bhi.washington.edu/SemSim/15052019124926538p1200#entity_0" />
                    <semsim:name>Target Gene</semsim:name>
                  </rdf:Description>
                </semsim:hasPhysicalEntityReference>
              </rdf:Description>
            </semsim:hasSinkParticipant>
            <semsim:hasSourceParticipant>
              <rdf:Description rdf:about="http://www.bhi.washington.edu/SemSim/15052019124926538p1200#source_8" semsim:hasMultiplier="1.0">
                <semsim:hasPhysicalEntityReference>
                  <rdf:Description rdf:about="http://www.bhi.washington.edu/SemSim/15052019124926538p1200#entity_11" semsim:name="targetGene">
                    <ro:part_of rdf:resource="http://www.bhi.washington.edu/SemSim/15052019124926538p1200#entity_0" />
                  </rdf:Description>
                </semsim:hasPhysicalEntityReference>
              </rdf:Description>
            </semsim:hasSourceParticipant>
            <bqbiol:isVersionOf rdf:resource="http://identifiers.org/obo.go/GO:0010467" />
          </rdf:Description>
        </semsim:physicalPropertyOf>
        <semsim:hasPhysicalDefinition rdf:resource="https://identifiers.org/opb/OPB_00592" />
      </rdf:Description>
    </semsim:isComputationalComponentFor>
  </rdf:Description>
  <rdf:Description rdf:about="http://www.bhi.washington.edu/SemSim/15052019124926538p1200#J0">
    <semsim:isComputationalComponentFor>
      <rdf:Description rdf:about="http://www.bhi.washington.edu/SemSim/15052019124926538p1200#property_1">
        <semsim:physicalPropertyOf>
          <rdf:Description rdf:about="http://www.bhi.washington.edu/SemSim/15052019124926538p1200#process_0" semsim:name="J0">
            <semsim:hasMediatorParticipant>
              <rdf:Description rdf:about="http://www.bhi.washington.edu/SemSim/15052019124926538p1200#mediator_2">
                <semsim:hasPhysicalEntityReference rdf:resource="http://www.bhi.washington.edu/SemSim/15052019124926538p1200#entity_5" />
              </rdf:Description>
            </semsim:hasMediatorParticipant>
            <semsim:hasMediatorParticipant>
              <rdf:Description rdf:about="http://www.bhi.washington.edu/SemSim/15052019124926538p1200#mediator_1">
                <semsim:hasPhysicalEntityReference rdf:resource="http://www.bhi.washington.edu/SemSim/15052019124926538p1200#entity_4" />
              </rdf:Description>
            </semsim:hasMediatorParticipant>
            <semsim:hasMediatorParticipant>
              <rdf:Description rdf:about="http://www.bhi.washington.edu/SemSim/15052019124926538p1200#mediator_0">
                <semsim:hasPhysicalEntityReference rdf:resource="http://www.bhi.washington.edu/SemSim/15052019124926538p1200#entity_3" />
              </rdf:Description>
            </semsim:hasMediatorParticipant>
            <semsim:hasSinkParticipant>
              <rdf:Description rdf:about="http://www.bhi.washington.edu/SemSim/15052019124926538p1200#sink_0" semsim:hasMultiplier="1.0">
                <semsim:hasPhysicalEntityReference>
                  <rdf:Description rdf:about="http://www.bhi.washington.edu/SemSim/15052019124926538p1200#entity_2" semsim:name="OCT4">
                    <ro:part_of rdf:resource="http://www.bhi.washington.edu/SemSim/15052019124926538p1200#entity_0" />
                    <bqbiol:isVersionOf rdf:resource="http://identifiers.org/uniprot/Q01860" />
                  </rdf:Description>
                </semsim:hasPhysicalEntityReference>
              </rdf:Description>
            </semsim:hasSinkParticipant>
            <semsim:hasSourceParticipant>
              <rdf:Description rdf:about="http://www.bhi.washington.edu/SemSim/15052019124926538p1200#source_0" semsim:hasMultiplier="1.0">
                <semsim:hasPhysicalEntityReference>
                  <rdf:Description rdf:about="http://www.bhi.washington.edu/SemSim/15052019124926538p1200#entity_1" semsim:name="OCT4_Gene">
                    <ro:part_of rdf:resource="http://www.bhi.washington.edu/SemSim/15052019124926538p1200#entity_0" />
                  </rdf:Description>
                </semsim:hasPhysicalEntityReference>
              </rdf:Description>
            </semsim:hasSourceParticipant>
            <bqbiol:isVersionOf rdf:resource="http://identifiers.org/obo.go/GO:0010467" />
          </rdf:Description>
        </semsim:physicalPropertyOf>
        <semsim:hasPhysicalDefinition rdf:resource="https://identifiers.org/opb/OPB_00592" />
      </rdf:Description>
    </semsim:isComputationalComponentFor>
    <dcterms:description>Oct4_Gene reaction</dcterms:description>
  </rdf:Description>
  <rdf:Description rdf:about="http://www.bhi.washington.edu/SemSim/15052019124926538p1200#J4">
    <semsim:isComputationalComponentFor>
      <rdf:Description rdf:about="http://www.bhi.washington.edu/SemSim/15052019124926538p1200#property_5">
        <semsim:physicalPropertyOf>
          <rdf:Description rdf:about="http://www.bhi.washington.edu/SemSim/15052019124926538p1200#process_4" semsim:name="J4">
            <semsim:hasSinkParticipant>
              <rdf:Description rdf:about="http://www.bhi.washington.edu/SemSim/15052019124926538p1200#sink_4" semsim:hasMultiplier="1.0">
                <semsim:hasPhysicalEntityReference rdf:resource="http://www.bhi.washington.edu/SemSim/15052019124926538p1200#entity_3" />
              </rdf:Description>
            </semsim:hasSinkParticipant>
            <semsim:hasSourceParticipant>
              <rdf:Description rdf:about="http://www.bhi.washington.edu/SemSim/15052019124926538p1200#source_5" semsim:hasMultiplier="1.0">
                <semsim:hasPhysicalEntityReference rdf:resource="http://www.bhi.washington.edu/SemSim/15052019124926538p1200#entity_9" />
              </rdf:Description>
            </semsim:hasSourceParticipant>
            <semsim:hasSourceParticipant>
              <rdf:Description rdf:about="http://www.bhi.washington.edu/SemSim/15052019124926538p1200#source_4" semsim:hasMultiplier="1.0">
                <semsim:hasPhysicalEntityReference rdf:resource="http://www.bhi.washington.edu/SemSim/15052019124926538p1200#entity_2" />
              </rdf:Description>
            </semsim:hasSourceParticipant>
            <bqbiol:isVersionOf rdf:resource="http://identifiers.org/obo.go/GO:0006461" />
          </rdf:Description>
        </semsim:physicalPropertyOf>
        <semsim:hasPhysicalDefinition rdf:resource="https://identifiers.org/opb/OPB_00592" />
      </rdf:Description>
    </semsim:isComputationalComponentFor>
    <dcterms:description>OCT4_SOX2 reaction</dcterms:description>
  </rdf:Description>
  <rdf:Description rdf:about="http://www.bhi.washington.edu/SemSim/15052019124926538p1200#metaid4">
    <semsim:isComputationalComponentFor>
      <rdf:Description rdf:about="http://www.bhi.washington.edu/SemSim/15052019124926538p1200#property_0">
        <semsim:physicalPropertyOf rdf:resource="http://www.bhi.washington.edu/SemSim/15052019124926538p1200#entity_0" />
        <semsim:hasPhysicalDefinition rdf:resource="https://identifiers.org/opb/OPB_00154" />
      </rdf:Description>
    </semsim:isComputationalComponentFor>
  </rdf:Description>
  <rdf:Description rdf:about="http://www.bhi.washington.edu/SemSim/15052019124926538p1200#J1">
    <semsim:isComputationalComponentFor>
      <rdf:Description rdf:about="http://www.bhi.washington.edu/SemSim/15052019124926538p1200#property_2">
        <semsim:physicalPropertyOf>
          <rdf:Description rdf:about="http://www.bhi.washington.edu/SemSim/15052019124926538p1200#process_1" semsim:name="J1">
            <semsim:hasSinkParticipant>
              <rdf:Description rdf:about="http://www.bhi.washington.edu/SemSim/15052019124926538p1200#sink_1" semsim:hasMultiplier="1.0">
                <semsim:hasPhysicalEntityReference rdf:resource="http://www.bhi.washington.edu/SemSim/15052019124926538p1200#entity_6" />
              </rdf:Description>
            </semsim:hasSinkParticipant>
            <semsim:hasSourceParticipant>
              <rdf:Description rdf:about="http://www.bhi.washington.edu/SemSim/15052019124926538p1200#source_1" semsim:hasMultiplier="1.0">
                <semsim:hasPhysicalEntityReference rdf:resource="http://www.bhi.washington.edu/SemSim/15052019124926538p1200#entity_2" />
              </rdf:Description>
            </semsim:hasSourceParticipant>
            <bqbiol:isVersionOf rdf:resource="http://identifiers.org/obo.go/GO:0030163" />
          </rdf:Description>
        </semsim:physicalPropertyOf>
        <semsim:hasPhysicalDefinition rdf:resource="https://identifiers.org/opb/OPB_00592" />
      </rdf:Description>
    </semsim:isComputationalComponentFor>
    <dcterms:description>OCT4 degradation</dcterms:description>
  </rdf:Description>
</rdf:RDF></semsimAnnotation></annotation>
      <listOfUnitDefinitions>
      <unitDefinition id="substance_per_volume">
        <listOfUnits>
          <unit scale="0" kind="litre" multiplier="1" exponent="-1" />
        </listOfUnits>
      </unitDefinition>
      <unitDefinition metaid="metaid_0000060" id="Time">
</unitDefinition>
      <unitDefinition metaid="metaid_0000059" id="Volume">
</unitDefinition>
      <unitDefinition metaid="metaid_0000058" id="substance">
</unitDefinition>
      <unitDefinition id="substance_per_time">
        <listOfUnits>
          <unit scale="0" kind="second" multiplier="1" exponent="-1" />
        </listOfUnits>
      </unitDefinition>
    </listOfUnitDefinitions>
    <listOfCompartments>
      <compartment constant="true" size="1" metaid="metaid_0000035" name="compartment" id="compartment" spatialDimensions="3" />
    </listOfCompartments>
    <listOfSpecies>
      <species boundaryCondition="true" constant="false" metaid="metaid0" hasOnlySubstanceUnits="false" compartment="compartment" id="p53" initialConcentration="0">
        <annotation>
	<rdf:RDF xmlns:rdf="http://www.w3.org/1999/02/22-rdf-syntax-ns#" xmlns:bqbiol="http://biomodels.net/biology-qualifiers/">
	<rdf:Description rdf:about="#metaid0">
	<bqbiol:is>
	<rdf:Bag>
	<rdf:li rdf:resource="http://identifiers.org/uniprot/P04637" />
	</rdf:Bag>
	</bqbiol:is>
	</rdf:Description>
	</rdf:RDF>
	</annotation>
            </species>
      <species boundaryCondition="true" constant="false" metaid="metaid_0000036" hasOnlySubstanceUnits="false" compartment="compartment" name="OCT4_Gene" id="OCT4_Gene" initialConcentration="0" />
      <species boundaryCondition="false" constant="false" metaid="metaid1" hasOnlySubstanceUnits="false" compartment="compartment" id="NANOG" initialConcentration="0.01">
        <annotation>
	<rdf:RDF xmlns:rdf="http://www.w3.org/1999/02/22-rdf-syntax-ns#" xmlns:bqbiol="http://biomodels.net/biology-qualifiers/">
	<rdf:Description rdf:about="#metaid1">
	<bqbiol:is>
	<rdf:Bag>
	<rdf:li rdf:resource="http://identifiers.org/uniprot/Q8N7R0" />
	</rdf:Bag>
	</bqbiol:is>
	</rdf:Description>
	</rdf:RDF>
	</annotation>
            </species>
      <species boundaryCondition="false" constant="false" metaid="metaid_0000046" hasOnlySubstanceUnits="false" compartment="compartment" name="OCT4_SOX2" id="OCT4_SOX2" initialConcentration="0.1">
        <annotation>
	<rdf:RDF xmlns:rdf="http://www.w3.org/1999/02/22-rdf-syntax-ns#" xmlns:bqbiol="http://biomodels.net/biology-qualifiers/">
	<rdf:Description rdf:about="#metaid_0000046">
              <bqbiol:hasPart>
	<rdf:Bag>
	<rdf:li rdf:resource="http://identifiers.org/uniprot/Q01860" />
	</rdf:Bag>
	</bqbiol:hasPart>
	
	<bqbiol:hasPart>
	<rdf:Bag>
	<rdf:li rdf:resource="http://identifiers.org/uniprot/Q6ZRP7" />
	</rdf:Bag>
	</bqbiol:hasPart>
	</rdf:Description>
	</rdf:RDF>
	</annotation>
            </species>
      <species boundaryCondition="false" constant="false" metaid="metaid2" hasOnlySubstanceUnits="false" compartment="compartment" id="OCT4" initialConcentration="0.01">
        <annotation>
	<rdf:RDF xmlns:rdf="http://www.w3.org/1999/02/22-rdf-syntax-ns#" xmlns:bqbiol="http://biomodels.net/biology-qualifiers/">
	<rdf:Description rdf:about="#metaid2">
	<bqbiol:is>
	<rdf:Bag>
	<rdf:li rdf:resource="http://identifiers.org/uniprot/Q01860" />
	</rdf:Bag>
	</bqbiol:is>
	</rdf:Description>
	</rdf:RDF>
	</annotation>
            </species>
      <species boundaryCondition="true" constant="false" metaid="metaid_0000038" hasOnlySubstanceUnits="false" compartment="compartment" name="SOX2_Gene" id="SOX2_Gene" initialConcentration="0" />
      <species boundaryCondition="true" constant="false" metaid="metaid_0000040" hasOnlySubstanceUnits="false" compartment="compartment" name="degradation" id="degradation" initialConcentration="0" />
      <species boundaryCondition="true" constant="false" metaid="metaid_0000037" hasOnlySubstanceUnits="false" compartment="compartment" name="NANOG_Gene" id="NANOG_Gene" initialConcentration="0" />
      <species boundaryCondition="true" constant="false" metaid="metaid_0000039" hasOnlySubstanceUnits="false" compartment="compartment" name="targetGene" id="targetGene" initialConcentration="0.01" />
      <species boundaryCondition="true" constant="false" metaid="metaid_0000042" hasOnlySubstanceUnits="false" compartment="compartment" name="A" id="A" initialConcentration="10" />
      <species boundaryCondition="false" constant="false" metaid="metaid3" hasOnlySubstanceUnits="false" compartment="compartment" id="SOX2" initialConcentration="0.01">
        <annotation>
	<rdf:RDF xmlns:rdf="http://www.w3.org/1999/02/22-rdf-syntax-ns#" xmlns:bqbiol="http://biomodels.net/biology-qualifiers/">
	<rdf:Description rdf:about="#metaid3">
	<bqbiol:is>
	<rdf:Bag>
	<rdf:li rdf:resource="http://identifiers.org/uniprot/Q6ZRP7" />
	</rdf:Bag>
	</bqbiol:is>
	</rdf:Description>
	</rdf:RDF>
	</annotation>
            </species>
      <species boundaryCondition="false" constant="false" metaid="metaid_0000047" hasOnlySubstanceUnits="false" compartment="compartment" name="Target Gene" id="Protein" initialConcentration="0" />
    </listOfSpecies>
    <listOfParameters>
      <parameter constant="true" id="eta1" metaid="metaid_0000003" value="0.0001" />
      <parameter constant="true" id="a1" metaid="metaid_0000004" value="1" />
      <parameter constant="true" id="a2" metaid="metaid_0000005" value="0.01" />
      <parameter constant="true" id="a3" metaid="metaid_0000006" value="0.5" />
      <parameter constant="true" id="f" metaid="metaid_0000007" value="1000" />
      <parameter constant="true" id="b1" metaid="metaid_0000008" value="0.0011" />
      <parameter constant="true" id="b2" metaid="metaid_0000009" value="0.001" />
      <parameter constant="true" id="b3" metaid="metaid_0000010" value="0.001" />
      <parameter constant="true" id="gamma1" metaid="metaid_0000011" value="1" />
      <parameter constant="true" id="eta5" metaid="metaid_0000012" value="0.0001" />
      <parameter constant="true" id="e1" metaid="metaid_0000013" value="0.01" />
      <parameter constant="true" id="e2" metaid="metaid_0000014" value="0.1" />
      <parameter constant="true" id="f2" metaid="metaid_0000015" value="0.001" />
      <parameter constant="true" id="f1" metaid="metaid_0000016" value="0.001" />
      <parameter constant="true" id="f3" metaid="metaid_0000017" value="0.05" />
      <parameter constant="true" id="gamma2" metaid="metaid_0000018" value="1" />
      <parameter constant="true" id="k1c" metaid="metaid_0000019" value="0.05" />
      <parameter constant="true" id="k2c" metaid="metaid_0000020" value="0.001" />
      <parameter constant="true" id="k3c" metaid="metaid_0000021" value="5" />
      <parameter constant="true" id="eta3" metaid="metaid_0000022" value="0.0001" />
      <parameter constant="true" id="c1" metaid="metaid_0000023" value="1" />
      <parameter constant="true" id="c2" metaid="metaid_0000024" value="0.01" />
      <parameter constant="true" id="c3" metaid="metaid_0000025" value="0.5" />
      <parameter constant="true" id="d1" metaid="metaid_0000026" value="0.0011" />
      <parameter constant="true" id="d2" metaid="metaid_0000027" value="0.001" />
      <parameter constant="true" id="d3" metaid="metaid_0000028" value="0.001" />
      <parameter constant="true" id="gamma3" metaid="metaid_0000029" value="1" />
      <parameter constant="true" id="g1" metaid="metaid_0000030" value="0.1" />
      <parameter constant="true" id="eta7" metaid="metaid_0000031" value="0.0001" />
      <parameter constant="true" id="h1" metaid="metaid_0000032" value="0.0011" />
      <parameter constant="true" id="h2" metaid="metaid_0000033" value="1" />
      <parameter constant="true" id="gamma4" metaid="metaid_0000034" value="0.01" />
      <parameter constant="false" id="J0" units="substance_per_time" metaid="J0">
        <notes>
          <body xmlns="http://www.w3.org/1999/xhtml">
    Oct4_Gene reaction
  </body>
        </notes>
      </parameter>
      <parameter constant="false" id="J6" units="substance_per_time" metaid="J6">
        <notes>
          <body xmlns="http://www.w3.org/1999/xhtml">
    SOX2_Gene reaction.
  </body>
        </notes>
      </parameter>
      <parameter constant="false" id="J2" units="substance_per_time" metaid="J2">
        <notes>
          <body xmlns="http://www.w3.org/1999/xhtml">
    NANOG_Gene reaction
  </body>
        </notes>
      </parameter>
      <parameter constant="false" id="J1" units="substance_per_time" metaid="J1">
        <notes>
          <body xmlns="http://www.w3.org/1999/xhtml">
    OCT4 degradation
  </body>
        </notes>
      </parameter>
      <parameter constant="false" id="J8" units="substance_per_time" metaid="J8" />
      <parameter constant="false" id="J3" units="substance_per_time" metaid="J3">
        <notes>
          <body xmlns="http://www.w3.org/1999/xhtml">
    NANOG gene degradation
  </body>
        </notes>
      </parameter>
      <parameter constant="false" id="J7" units="substance_per_time" metaid="J7">
        <notes>
          <body xmlns="http://www.w3.org/1999/xhtml">
    SOX2 degredation
  </body>
        </notes>
      </parameter>
      <parameter constant="false" id="J4" units="substance_per_time" metaid="J4">
        <notes>
          <body xmlns="http://www.w3.org/1999/xhtml">
    OCT4_SOX2 reaction
  </body>
        </notes>
      </parameter>
    </listOfParameters>
    <listOfRules>
      <rateRule variable="p53">
        <math xmlns="http://www.w3.org/1998/Math/MathML">        
          <cn> 0 </cn>
        </math>
            </rateRule>
      <rateRule variable="OCT4_Gene">
        <math xmlns="http://www.w3.org/1998/Math/MathML">        
          <cn> 0 </cn>
        </math>
            </rateRule>
      <rateRule variable="SOX2_Gene">
        <math xmlns="http://www.w3.org/1998/Math/MathML">        
          <cn> 0 </cn>
        </math>
            </rateRule>
      <rateRule variable="degradation">
        <math xmlns="http://www.w3.org/1998/Math/MathML">        
          <cn> 0 </cn>
        </math>
            </rateRule>
      <rateRule variable="NANOG_Gene">
        <math xmlns="http://www.w3.org/1998/Math/MathML">        
          <cn> 0 </cn>
        </math>
            </rateRule>
      <rateRule variable="targetGene">
        <math xmlns="http://www.w3.org/1998/Math/MathML">        
          <cn> 0 </cn>
        </math>
            </rateRule>
      <rateRule variable="A">
        <math xmlns="http://www.w3.org/1998/Math/MathML">        
          <cn> 0 </cn>
        </math>
            </rateRule>
      <assignmentRule variable="J0">
        <math xmlns="http://www.w3.org/1998/Math/MathML">        
          <apply>
            <divide />
            <apply>
              <plus />
              <ci> eta1 </ci>
              <apply>
                <times />
                <ci> a1 </ci>
                <ci> A </ci>
              </apply>
              <apply>
                <times />
                <ci> a2 </ci>
                <ci> OCT4_SOX2 </ci>
              </apply>
              <apply>
                <times />
                <ci> a3 </ci>
                <ci> OCT4_SOX2 </ci>
                <ci> NANOG </ci>
              </apply>
            </apply>
            <apply>
              <plus />
              <cn type="integer"> 1 </cn>
              <apply>
                <divide />
                <ci> eta1 </ci>
                <ci> f </ci>
              </apply>
              <apply>
                <times />
                <ci> b1 </ci>
                <ci> A </ci>
              </apply>
              <apply>
                <times />
                <ci> b2 </ci>
                <ci> OCT4_SOX2 </ci>
              </apply>
              <apply>
                <times />
                <ci> b3 </ci>
                <ci> OCT4_SOX2 </ci>
                <ci> NANOG </ci>
              </apply>
            </apply>
          </apply>
        </math>
            </assignmentRule>
      <assignmentRule variable="J6">
        <math xmlns="http://www.w3.org/1998/Math/MathML">        
          <apply>
            <divide />
            <apply>
              <plus />
              <ci> eta3 </ci>
              <apply>
                <times />
                <ci> c1 </ci>
                <ci> A </ci>
              </apply>
              <apply>
                <times />
                <ci> c2 </ci>
                <ci> OCT4_SOX2 </ci>
              </apply>
              <apply>
                <times />
                <ci> c3 </ci>
                <ci> OCT4_SOX2 </ci>
                <ci> NANOG </ci>
              </apply>
            </apply>
            <apply>
              <plus />
              <cn type="integer"> 1 </cn>
              <apply>
                <divide />
                <ci> eta3 </ci>
                <ci> f </ci>
              </apply>
              <apply>
                <times />
                <ci> d1 </ci>
                <ci> A </ci>
              </apply>
              <apply>
                <times />
                <ci> d2 </ci>
                <ci> OCT4_SOX2 </ci>
              </apply>
              <apply>
                <times />
                <ci> d3 </ci>
                <ci> OCT4_SOX2 </ci>
                <ci> NANOG </ci>
              </apply>
            </apply>
          </apply>
        </math>
            </assignmentRule>
      <assignmentRule variable="J2">
        <math xmlns="http://www.w3.org/1998/Math/MathML">        
          <apply>
            <divide />
            <apply>
              <plus />
              <ci> eta5 </ci>
              <apply>
                <times />
                <ci> e1 </ci>
                <ci> OCT4_SOX2 </ci>
              </apply>
              <apply>
                <times />
                <ci> e2 </ci>
                <ci> OCT4_SOX2 </ci>
                <ci> NANOG </ci>
              </apply>
            </apply>
            <apply>
              <plus />
              <cn type="integer"> 1 </cn>
              <apply>
                <divide />
                <ci> eta5 </ci>
                <ci> f </ci>
              </apply>
              <apply>
                <times />
                <ci> f2 </ci>
                <ci> OCT4_SOX2 </ci>
              </apply>
              <apply>
                <times />
                <ci> f1 </ci>
                <ci> OCT4_SOX2 </ci>
                <ci> NANOG </ci>
              </apply>
              <apply>
                <times />
                <ci> f3 </ci>
                <ci> p53 </ci>
              </apply>
            </apply>
          </apply>
        </math>
            </assignmentRule>
      <assignmentRule variable="J1">
        <math xmlns="http://www.w3.org/1998/Math/MathML">        
          <apply>
            <times />
            <ci> gamma1 </ci>
            <ci> OCT4 </ci>
          </apply>
        </math>
            </assignmentRule>
      <assignmentRule variable="J8">
        <math xmlns="http://www.w3.org/1998/Math/MathML">        
          <apply>
            <divide />
            <apply>
              <plus />
              <apply>
                <times />
                <ci> g1 </ci>
                <ci> OCT4_SOX2 </ci>
              </apply>
              <ci> eta7 </ci>
            </apply>
            <apply>
              <plus />
              <cn type="integer"> 1 </cn>
              <apply>
                <divide />
                <ci> eta7 </ci>
                <ci> f2 </ci>
              </apply>
              <apply>
                <times />
                <ci> h1 </ci>
                <ci> OCT4_SOX2 </ci>
              </apply>
              <apply>
                <times />
                <ci> h2 </ci>
                <ci> OCT4_SOX2 </ci>
                <ci> NANOG </ci>
              </apply>
            </apply>
          </apply>
        </math>
            </assignmentRule>
      <assignmentRule variable="J3">
        <math xmlns="http://www.w3.org/1998/Math/MathML">        
          <apply>
            <times />
            <ci> gamma2 </ci>
            <ci> NANOG </ci>
          </apply>
        </math>
            </assignmentRule>
      <assignmentRule variable="J7">
        <math xmlns="http://www.w3.org/1998/Math/MathML">        
          <apply>
            <times />
            <ci> gamma3 </ci>
            <ci> SOX2 </ci>
          </apply>
        </math>
            </assignmentRule>
      <assignmentRule variable="J4">
        <math xmlns="http://www.w3.org/1998/Math/MathML">        
          <apply>
            <minus />
            <apply>
              <times />
              <ci> k1c </ci>
              <ci> OCT4 </ci>
              <ci> SOX2 </ci>
            </apply>
            <apply>
              <times />
              <ci> k2c </ci>
              <ci> OCT4_SOX2 </ci>
            </apply>
          </apply>
        </math>
            </assignmentRule>
    </listOfRules>
    <listOfReactions>
      <reaction fast="false" id="J5" metaid="metaid_0000053" reversible="true">
        <annotation>
	<rdf:RDF xmlns:rdf="http://www.w3.org/1999/02/22-rdf-syntax-ns#" xmlns:bqbiol="http://biomodels.net/biology-qualifiers/">
	<rdf:Description rdf:about="#metaid_0000053">
	<bqbiol:isVersionOf>
	<rdf:Bag>
	<rdf:li rdf:resource="http://identifiers.org/obo.go/GO:0030163" />
	</rdf:Bag>
	</bqbiol:isVersionOf>
	</rdf:Description>
	</rdf:RDF>
	</annotation>
              <listOfReactants>
          <speciesReference stoichiometry="1" constant="false" species="OCT4_SOX2" />
        </listOfReactants>
        <listOfProducts>
          <speciesReference stoichiometry="1" constant="false" species="degradation" />
        </listOfProducts>
        <kineticLaw>
          <math xmlns="http://www.w3.org/1998/Math/MathML">          
            <apply>
              <times />
              <ci> k3c </ci>
              <ci> OCT4_SOX2 </ci>
            </apply>
          </math>
                </kineticLaw>
      </reaction>
      <reaction fast="false" id="J9" metaid="metaid_0000057" reversible="true">
        <annotation>
	<rdf:RDF xmlns:rdf="http://www.w3.org/1999/02/22-rdf-syntax-ns#" xmlns:bqbiol="http://biomodels.net/biology-qualifiers/">
	<rdf:Description rdf:about="#metaid_0000057">
	<bqbiol:isVersionOf>
	<rdf:Bag>
	<rdf:li rdf:resource="http://identifiers.org/obo.go/GO:0030163" />
	</rdf:Bag>
	</bqbiol:isVersionOf>
	</rdf:Description>
	</rdf:RDF>
	</annotation>
              <listOfReactants>
          <speciesReference stoichiometry="1" constant="false" species="Protein" />
        </listOfReactants>
        <listOfProducts>
          <speciesReference stoichiometry="1" constant="false" species="degradation" />
        </listOfProducts>
        <kineticLaw>
          <math xmlns="http://www.w3.org/1998/Math/MathML">          
            <apply>
              <times />
              <ci> gamma4 </ci>
              <ci> Protein </ci>
            </apply>
          </math>
                </kineticLaw>
      </reaction>
    </listOfReactions>
  </model>
</sbml>
